{"median": {"IQR": [19.11310788301597], "RANSAC_IQR": [19.11310788301597], "RANSAC_IQR_2": [9.388277842307582], "Vanilla model": [82.02150437019988], "ZSCORE": [81.58292743301779], "RANSAC_ZSCORE": [81.58292743301779], "RANSAC_ZSCORE_2": [15.381701774149917]}}