{
    "IQR": {
        "f": 313.59953456873137,
        "height": 2.9366443156943807,
        "phi": 0.0010320379270220776,
        "theta": 1.2787539695974206
    },
    "RANSAC_IQR": {
        "f": 313.59953456873137,
        "height": 2.9366443156943807,
        "phi": 0.0010320379270220776,
        "theta": 1.2787539695974206
    },
    "RANSAC_IQR_2": {
        "f": 683.7405249230599,
        "height": 6.393894854497053,
        "phi": 0.0010319003660369172,
        "theta": 2.1468051423291246
    },
    "RANSAC_ZSCORE": {
        "f": 72.40501039859346,
        "height": 0.5189872238533915,
        "phi": 0.0010599449257564179,
        "theta": 1.6408390336942131
    },
    "RANSAC_ZSCORE_2": {
        "f": 881.3193498292983,
        "height": 7.004927464714134,
        "phi": 0.001037085718709599,
        "theta": 2.266839090883224
    },
    "Vanilla model": {
        "f": 71.94847541742833,
        "height": 0.510105516441963,
        "phi": 0.0010578300518612634,
        "theta": 1.6422624450354966
    },
    "ZSCORE": {
        "f": 72.40501039859346,
        "height": 0.5189872238533915,
        "phi": 0.0010599449257564179,
        "theta": 1.6408390336942131
    }
}