{
    "IQR": {
        "f": 290.7251763950689,
        "height": 0.27658467636232614,
        "phi": -0.20768188223269252,
        "theta": 1.792872010291446
    },
    "RANSAC_IQR": {
        "f": 290.7251763950689,
        "height": 0.27658467636232614,
        "phi": -0.20768188223269252,
        "theta": 1.792872010291446
    },
    "RANSAC_IQR_2": {
        "f": 1306.4588228890952,
        "height": 7.44939676918403,
        "phi": -0.20767721212270618,
        "theta": 1.9441410984415595
    },
    "RANSAC_ZSCORE": {
        "f": 94.18733009137827,
        "height": 1.6330859613619273,
        "phi": -0.2076576314888493,
        "theta": 1.6380660470737811
    },
    "RANSAC_ZSCORE_2": "nan",
    "Vanilla model": {
        "f": 90.8298748589329,
        "height": 1.6334910569244008,
        "phi": -0.2076887173675102,
        "theta": 1.6290685809278325
    },
    "ZSCORE": {
        "f": 94.18733009137827,
        "height": 1.6330859613619273,
        "phi": -0.2076576314888493,
        "theta": 1.6380660470737811
    }
}