{"median": {"IQR": [10.24014127308593, 7.273775973960949, 7.187730579404274, 6.277180863193655, 6.223081217531581, 6.148281723111995, 6.26416617118773, 6.338191774130166, 6.393316619056446, 6.781912695473079, 6.966002171043363, 7.017287263544086, 7.067815914212326, 7.1558577410669955, 7.173271159364868, 7.259001233987737, 7.441409769185361, 7.769106560867481, 8.041817792757007, 8.138838251118557, 8.255358618191593, 8.421026020150066, 8.576540524827362, 8.747620703265664, 8.854502559821105, 9.116342171477369, 9.280991517665676, 9.451631690778937, 9.543348620431043, 9.664620415420405, 9.780796574839087, 9.906261639381581, 10.061313198191778, 10.19797917824642, 10.380033936468994, 10.479908149863059, 10.647109165282064, 10.804219346430319, 10.894524629099829, 11.001352251892127, 11.089034235895157, 11.245051302377778, 11.385060471593556, 11.523745580429273, 11.59584790470908, 11.698819160286677, 11.86894830563049, 11.98570898827956, 12.102929977190337, 12.211824940393706, 12.324713918390586, 12.430272486835083, 12.583274284180607, 12.738679663322813, 12.844119196235862, 12.906765863328337, 13.054892668555347, 13.177236960935033, 13.27858977926141, 13.43536748894552, 13.59242207616344, 13.707508805673479, 13.851179266435919, 13.93349148433015, 14.028262969217986, 14.160961532950608, 14.269206497139077, 14.37665094345, 14.50461987224104, 14.662887084038067, 14.757851354803545, 14.875441830488246, 15.011657115990307, 15.169784985672914, 15.257008954754907, 15.372278153240892, 15.487355643383319, 15.611266313900085, 15.735327673410518, 15.86793628660008, 15.977550873151324, 16.12608790586777, 16.25343553160782, 16.36800205827286, 16.511467612331785, 16.595072520982022, 16.72639673878332, 16.857952388133093, 16.95981954138491, 17.05378724279418, 17.1399622810804, 17.272658766597214, 17.372862512964254, 17.495386448202282, 17.61909172449765, 17.737116194071326, 17.83095315164071, 17.950203735955217], "RANSAC_IQR": [10.24014127308593, 7.273775973960949, 7.187730579404274, 6.277180863193655, 6.223081217531581, 6.148281723111995, 6.26416617118773, 6.338191774130166, 6.393316619056446, 6.781912695473079, 6.966002171043363, 7.017287263544086, 7.067815914212326, 7.1558577410669955, 7.173271159364868, 7.259001233987737, 7.441409769185361, 7.769106560867481, 8.041817792757007, 8.138838251118557, 8.255358618191593, 8.421026020150066, 8.576540524827362, 8.747620703265664, 8.854502559821105, 9.116342171477369, 9.280991517665676, 9.451631690778937, 9.543348620431043, 9.664620415420405, 9.780796574839087, 9.906261639381581, 10.061313198191778, 10.19797917824642, 10.380033936468994, 10.479908149863059, 10.647109165282064, 10.804219346430319, 10.894524629099829, 11.001352251892127, 11.089034235895157, 11.245051302377778, 11.385060471593556, 11.523745580429273, 11.59584790470908, 11.698819160286677, 11.86894830563049, 11.98570898827956, 12.102929977190337, 12.211824940393706, 12.324713918390586, 12.430272486835083, 12.583274284180607, 12.738679663322813, 12.844119196235862, 12.906765863328337, 13.054892668555347, 13.177236960935033, 13.27858977926141, 13.43536748894552, 13.59242207616344, 13.707508805673479, 13.851179266435919, 13.93349148433015, 14.028262969217986, 14.160961532950608, 14.269206497139077, 14.37665094345, 14.50461987224104, 14.662887084038067, 14.757851354803545, 14.875441830488246, 15.011657115990307, 15.169784985672914, 15.257008954754907, 15.372278153240892, 15.487355643383319, 15.611266313900085, 15.735327673410518, 15.86793628660008, 15.977550873151324, 16.12608790586777, 16.25343553160782, 16.36800205827286, 16.511467612331785, 16.595072520982022, 16.72639673878332, 16.857952388133093, 16.95981954138491, 17.05378724279418, 17.1399622810804, 17.272658766597214, 17.372862512964254, 17.495386448202282, 17.61909172449765, 17.737116194071326, 17.83095315164071, 17.950203735955217], "RANSAC_IQR_2": [10.883599314441152, 11.915600327306743, 13.749420926547566, 12.684434182475025, 12.915507003049015, 11.915600327306743, 11.638343650856722, 11.12063174930679, 11.274184031125413, 11.233557240807244, 11.627172014222907, 11.633760553687614, 11.568229726665056, 11.338263478771365, 10.901722702934808, 10.86106543389625, 10.900262065594234, 10.877554437536743, 10.826709751611473, 10.758314440961952, 10.63157650110806, 10.558190723719669, 10.593623959147681, 10.470058693774012, 10.400539571197953, 10.420511801487418, 10.482649606951252, 10.420511801487418, 10.463631716675193, 10.472675619100073, 10.428194396009008, 10.321593231569546, 10.240082320549256, 10.144210807334566, 10.148152272226001, 10.148152272226001, 10.132532086053358, 10.147355584073376, 10.137265255607577, 10.076573018574324, 9.994602747079057, 10.061232380392198, 10.137110529788504, 10.075620415788023, 10.0774408702021, 10.144210807334566, 10.132532086053358, 10.131958604092642, 10.108951483378814, 10.03354454860696, 10.047796947782672, 10.029881386026375, 10.013917554341287, 9.999419930998778, 9.934005972285478, 9.918949914621118, 9.867276768584968, 9.830531406548358, 9.804464157231926, 9.80513233788431, 9.776433155357154, 9.771718741857745, 9.75857973779522, 9.726256933612492, 9.706975845495561, 9.676469309737353, 9.656731588811033, 9.631184391478973, 9.59188741417032, 9.57745505466935, 9.576911975537268, 9.553110890611652, 9.554249158293754, 9.553110890611652, 9.576356628144662, 9.555387425975857, 9.522306368526118, 9.47877020367933, 9.462499578244838, 9.443138291040647, 9.434229339981574, 9.40219182471617, 9.39448280517156, 9.363263267679612, 9.363589919508872, 9.362879865563878, 9.334641742281566, 9.298800334285646, 9.322005211155147, 9.322005211155147, 9.283312768450616, 9.279345122604719, 9.277144896463337, 9.285217667520147, 9.285217667520147, 9.27274393991649, 9.261927973275602, 9.277144896463337], "Vanilla model": [11.08547814066385, 11.908884361380126, 14.786004227255184, 15.297898587309135, 17.31643592539421, 17.948452569084797, 18.430776373794043, 19.583572725908674, 20.151303605766284, 21.814393811914446, 22.77888134281352, 23.45452629182331, 24.387981845903234, 25.337664483507048, 26.14945767935468, 27.010031479141315, 27.75253065065219, 28.241481105311653, 28.85538770657148, 29.395424608290828, 30.09357891561621, 30.56630764399482, 31.255418491467545, 31.93292684784668, 32.18912486329295, 33.024720317628436, 33.77804463071221, 34.720368597526424, 35.302689763663814, 35.87065915473751, 36.681111471216454, 37.641420455222224, 38.37468554309388, 39.15084464137484, 40.45460569974793, 41.42907817474652, 42.802649105294996, 43.497320812422274, 44.59589404075284, 45.69900437722913, 45.98340172825024, 47.09736407951904, 47.54235615306951, 49.29244241375075, 51.21867446974939, 53.11197249813322, 53.51728976554417, 54.80738806006582, 56.472373821977655, 58.13659352515731, 58.9007225915889, 60.25530706469392, 61.165621373854115, 62.08479456731601, 62.78183334725219, 63.39390474371614, 63.96167458605832, 64.58256323035707, 65.91942979474194, 66.65143423893123, 67.18749372656045, 67.82541212186705, 68.10496390606721, 68.38316011324423, 68.55590478851667, 69.10852865644283, 69.40296587230912, 69.59351584431212, 69.86793270535358, 70.21043075657403, 70.50787354082262, 70.76027475723745, 71.03863840068773, 71.27178238645696, 71.47842256847198, 71.69879917996195, 71.91877055588199, 72.13520363342259, 72.5060965152314, 72.72961025705894, 72.9478422218775, 73.1705829833523, 73.42620504156716, 73.67404793735565, 73.7874334612757, 74.01266138790072, 74.23016346487448, 74.40365172159609, 74.56527463491673, 74.65816637005952, 74.85770790539004, 74.92502949004587, 75.05537099790398, 75.1746739875155, 75.25626242463903, 75.37786814478956, 75.47299830564862, 75.61166040800407],