{
    "cameras": [
    {
        "focal"         : [581.7937241567178, 582.5645090491537],
        "center"        : [650.9948698669509, 358.78975756298354],
        "distort"       : [-0.2885127165785558, 0.10574302626756862, 0.0, 0.0, -0.019286140747636987],
        "rvec"          : [1.5477230146492624, -0.2820748582745964, 0.3711821741895968],
        "tvec"          : [-1.2423909442985859, 2.8937070381908683, 5.311197845767358],
        "file"          : "data/MiraeHall/220722_video.avi",
        "config"        : {
            "detector_name": "data/MiraeHall/220722_video_yolov5.pickle"
        }
    }
    ]
}