{"IQR": {"f": 290.7251763950689, "theta": 1.792872010291446, "phi": -0.20768188223269252, "height": 0.13829233818116307}, "RANSAC_IQR": {"f": 290.7251763950689, "theta": 1.792872010291446, "phi": -0.20768188223269252, "height": 0.13829233818116307, "viz": 